{"info":{"year":"2024","version":"1","description":"Exported from roboflow.com","contributor":"","url":"https://public.roboflow.com/object-detection/undefined","date_created":"2024-12-09T05:52:56+00:00"},"licenses":[{"id":1,"url":"https://creativecommons.org/licenses/by/4.0/","name":"CC BY 4.0"}],"categories":[{"id":0,"name":"plants","supercategory":"none"},{"id":1,"name":"plants","supercategory":"plants"}],"images":[{"id":0,"license":1,"file_name":"watermelon100_jpg.rf.12377b408ec8728e9e5741382348c9d2.jpg","height":640,"width":640,"date_captured":"2024-12-09T05:52:56+00:00","extra":{"user_tags":["water_melon"]}},{"id":1,"license":1,"file_name":"watermelon128_jpg.rf.12632e646d0b817afbe47dff387c1e42.jpg","height":640,"width":640,"date_captured":"2024-12-09T05:52:56+00:00","extra":{"user_tags":["water_melon"]}},{"id":2,"license":1,"file_name":"orange106_jpg.rf.0887e844421c7274683a6a98601de799.jpg","height":640,"width":640,"date_captured":"2024-12-09T05:52:56+00:00","extra":{"user_tags":["orange"]}},{"id":3,"license":1,"file_name":"banana11_jpg.rf.0c0ab7440df3de8844ca6e5be6fde39a.jpg","height":640,"width":640,"date_captured":"2024-12-09T05:52:56+00:00","extra":{"user_tags":["banana"]}},{"id":4,"license":1,"file_name":"orange113_jpg.rf.45beb162cdae0dccabae8b83fa2d1c04.jpg","height":640,"width":640,"date_captured":"2024-12-09T05:52:56+00:00","extra":{"user_tags":["orange"]}},{"id":5,"license":1,"file_name":"orange178_jpg.rf.6f25ef283b0c7ab091189ba28b7a79a1.jpg","height":640,"width":640,"date_captured":"2024-12-09T05:52:56+00:00","extra":{"user_tags":["orange"]}},{"id":6,"license":1,"file_name":"banana1_jpg.rf.2e50f29fd5932e18a8594520404ef9eb.jpg","height":640,"width":640,"date_captured":"2024-12-09T05:52:56+00:00","extra":{"user_tags":["banana"]}},{"id":7,"license":1,"file_name":"watermelon118_jpg.rf.2f7784796f4f728d1f7056fa16b565ec.jpg","height":640,"width":640,"date_captured":"2024-12-09T05:52:56+00:00","extra":{"user_tags":["water_melon"]}},{"id":8,"license":1,"file_name":"orange230_jpg.rf.49e91a8de786db0cb95c31a84ff7d5be.jpg","height":640,"width":640,"date_captured":"2024-12-09T05:52:56+00:00","extra":{"user_tags":["orange"]}},{"id":9,"license":1,"file_name":"orange166_jpg.rf.8a71e2e05c77c6c0be9f4944cf3cc8c4.jpg","height":640,"width":640,"date_captured":"2024-12-09T05:52:56+00:00","extra":{"user_tags":["orange"]}},{"id":10,"license":1,"file_name":"orange220_jpg.rf.2aba97a1ede2279e1a9b0031009f30bf.jpg","height":640,"width":640,"date_captured":"2024-12-09T05:52:56+00:00","extra":{"user_tags":["orange"]}},{"id":11,"license":1,"file_name":"orange118_jpg.rf.ae1e8509bdcb5ed96c55debb4fb54cd1.jpg","height":640,"width":640,"date_captured":"2024-12-09T05:52:56+00:00","extra":{"user_tags":["orange"]}},{"id":12,"license":1,"file_name":"orange274_jpg.rf.76ab55ceaf002386836b3d114eb31c2a.jpg","height":640,"width":640,"date_captured":"2024-12-09T05:52:56+00:00","extra":{"user_tags":["orange"]}},{"id":13,"license":1,"file_name":"banana142_jpg.rf.3361e6b7b17e3e3b1355e191cca27dac.jpg","height":640,"width":640,"date_captured":"2024-12-09T05:52:56+00:00","extra":{"user_tags":["banana"]}},{"id":14,"license":1,"file_name":"orange203_jpg.rf.5bb3401975225f7b2fd5fae33f3b0e8c.jpg","height":640,"width":640,"date_captured":"2024-12-09T05:52:56+00:00","extra":{"user_tags":["orange"]}},{"id":15,"license":1,"file_name":"orange281_jpg.rf.5d2f2b4b5250f1908b14aa235649a573.jpg","height":640,"width":640,"date_captured":"2024-12-09T05:52:56+00:00","extra":{"user_tags":["orange"]}},{"id":16,"license":1,"file_name":"banana122_jpg.rf.0ebc8182df5305b22216663f4a2ac55b.jpg","height":640,"width":640,"date_captured":"2024-12-09T05:52:56+00:00","extra":{"user_tags":["banana"]}},{"id":17,"license":1,"file_name":"watermelon130_jpg.rf.908be9a49ac02a664272cc77906bdcbc.jpg","height":640,"width":640,"date_captured":"2024-12-09T05:52:56+00:00","extra":{"user_tags":["water_melon"]}},{"id":18,"license":1,"file_name":"watermelon185_jpg.rf.92d5eba056bd349bc5dcf1219b1a36a0.jpg","height":640,"width":640,"date_captured":"2024-12-09T05:52:56+00:00","extra":{"user_tags":["water_melon"]}},{"id":19,"license":1,"file_name":"banana129_jpg.rf.4d1d640483af98cb8bc2c0891bef0fc8.jpg","height":640,"width":640,"date_captured":"2024-12-09T05:52:56+00:00","extra":{"user_tags":["banana"]}},{"id":20,"license":1,"file_name":"watermelon173_jpg.rf.71b52ed168a3332c866175b4a3aa0d94.jpg","height":640,"width":640,"date_captured":"2024-12-09T05:52:56+00:00","extra":{"user_tags":["water_melon"]}},{"id":21,"license":1,"file_name":"banana119_jpg.rf.d56dd321edc323849b909b26efd8611d.jpg","height":640,"width":640,"date_captured":"2024-12-09T05:52:56+00:00","extra":{"user_tags":["banana"]}},{"id":22,"license":1,"file_name":"banana113_jpg.rf.d5cdd3dd400e1d7e98f81987e4d7b609.jpg","height":640,"width":640,"date_captured":"2024-12-09T05:52:56+00:00","extra":{"user_tags":["banana"]}},{"id":23,"license":1,"file_name":"banana105_jpg.rf.daac742fd0894e5355dabfdb342e12a0.jpg","height":640,"width":640,"date_captured":"2024-12-09T05:52:56+00:00","extra":{"user_tags":["banana"]}},{"id":24,"license":1,"file_name":"watermelon153_jpg.rf.c8c7adfbc107a8a4c1eea9df674dd4a9.jpg","height":640,"width":640,"date_captured":"2024-12-09T05:52:56+00:00","extra":{"user_tags":["water_melon"]}},{"id":25,"license":1,"file_name":"orange285_jpg.rf.e4594fb965b1efe3a58454483426c9ab.jpg","height":640,"width":640,"date_captured":"2024-12-09T05:52:56+00:00","extra":{"user_tags":["orange"]}},{"id":26,"license":1,"file_name":"banana123_jpg.rf.f4cc2b2412593fc8a3368de72d2eb988.jpg","height":640,"width":640,"date_captured":"2024-12-09T05:52:56+00:00","extra":{"user_tags":["banana"]}},{"id":27,"license":1,"file_name":"watermelon123_jpg.rf.c7880eb6f275322f325f2fce51f060ca.jpg","height":640,"width":640,"date_captured":"2024-12-09T05:52:56+00:00","extra":{"user_tags":["water_melon"]}},{"id":28,"license":1,"file_name":"watermelon109_jpg.rf.d640e6f50c8c288ae715ac1d3bb130a2.jpg","height":640,"width":640,"date_captured":"2024-12-09T05:52:56+00:00","extra":{"user_tags":["water_melon"]}},{"id":29,"license":1,"file_name":"watermelon175_jpg.rf.e3496db001283263f0cb090d50bbfb7f.jpg","height":640,"width":640,"date_captured":"2024-12-09T05:52:56+00:00","extra":{"user_tags":["water_melon"]}},{"id":30,"license":1,"file_name":"banana13_jpg.rf.cdf58f372ca9b186e85bf272140ad37a.jpg","height":640,"width":640,"date_captured":"2024-12-09T05:52:56+00:00","extra":{"user_tags":["banana"]}},{"id":31,"license":1,"file_name":"banana131_jpg.rf.cd8000fe2e722059cb957ea4933a2265.jpg","height":640,"width":640,"date_captured":"2024-12-09T05:52:56+00:00","extra":{"user_tags":["banana"]}},{"id":32,"license":1,"file_name":"watermelon170_jpg.rf.c5b8e37178caaa3f17d42e619de416ec.jpg","height":640,"width":640,"date_captured":"2024-12-09T05:52:56+00:00","extra":{"user_tags":["water_melon"]}}],"annotations":[{"id":0,"image_id":0,"category_id":1,"bbox":[44,38,256.5,258],"area":66177,"segmentation":[],"iscrowd":0},{"id":1,"image_id":0,"category_id":1,"bbox":[330,49,259.5,258],"area":66951,"segmentation":[],"iscrowd":0},{"id":2,"image_id":0,"category_id":1,"bbox":[31,353,256,194],"area":49664,"segmentation":[],"iscrowd":0},{"id":3,"image_id":0,"category_id":1,"bbox":[296,357,133.5,165.5],"area":22094.25,"segmentation":[],"iscrowd":0},{"id":4,"image_id":0,"category_id":1,"bbox":[455,348,156.5,202],"area":31613,"segmentation":[],"iscrowd":0},{"id":5,"image_id":1,"category_id":1,"bbox":[144,130,147.5,329],"area":48527.5,"segmentation":[],"iscrowd":0},{"id":6,"image_id":1,"category_id":1,"bbox":[198,191,179.5,332.5],"area":59683.75,"segmentation":[],"iscrowd":0},{"id":7,"image_id":1,"category_id":1,"bbox":[309,178,133,291],"area":38703,"segmentation":[],"iscrowd":0},{"id":8,"image_id":1,"category_id":1,"bbox":[396,133,123,250.5],"area":30811.5,"segmentation":[],"iscrowd":0},{"id":9,"image_id":1,"category_id":1,"bbox":[415,407,207,221.5],"area":45850.5,"segmentation":[],"iscrowd":0},{"id":10,"image_id":1,"category_id":1,"bbox":[365,0,275,277],"area":76175,"segmentation":[],"iscrowd":0},{"id":11,"image_id":1,"category_id":1,"bbox":[0,391,145.5,179.5],"area":26117.25,"segmentation":[],"iscrowd":0},{"id":12,"image_id":2,"category_id":1,"bbox":[42,32,540.5,553.5],"area":299166.75,"segmentation":[],"iscrowd":0},{"id":13,"image_id":3,"category_id":1,"bbox":[89,0,530,597],"area":316410,"segmentation":[],"iscrowd":0},{"id":14,"image_id":4,"category_id":1,"bbox":[151,5,248.5,465],"area":115552.5,"segmentation":[],"iscrowd":0},{"id":15,"image_id":4,"category_id":1,"bbox":[0,71,178,484.5],"area":86241,"segmentation":[],"iscrowd":0},{"id":16,"image_id":4,"category_id":1,"bbox":[364,218,233.5,422],"area":98537,"segmentation":[],"iscrowd":0},{"id":17,"image_id":4,"category_id":1,"bbox":[511,0,129,355.5],"area":45859.5,"segmentation":[],"iscrowd":0},{"id":18,"image_id":4,"category_id":1,"bbox":[89,444,258.5,196],"area":50666,"segmentation":[],"iscrowd":0},{"id":19,"image_id":5,"category_id":1,"bbox":[328,188,230.5,313.5],"area":72261.75,"segmentation":[],"iscrowd":0},{"id":20,"image_id":5,"category_id":1,"bbox":[84,159,206,280],"area":57680,"segmentation":[],"iscrowd":0},{"id":21,"image_id":5,"category_id":1,"bbox":[60,400,219.5,240],"area":52680,"segmentation":[],"iscrowd":0},{"id":22,"image_id":5,"category_id":1,"bbox":[370,0,204.5,225.5],"area":46114.75,"segmentation":[],"iscrowd":0},{"id":23,"image_id":5,"category_id":1,"bbox":[366,483,216.5,157],"area":33990.5,"segmentation":[],"iscrowd":0},{"id":24,"image_id":6,"category_id":1,"bbox":[18,22,609,596.5],"area":363268.5,"segmentation":[],"iscrowd":0},{"id":25,"image_id":7,"category_id":1,"bbox":[19,195,131,283.5],"area":37138.5,"segmentation":[],"iscrowd":0},{"id":26,"image_id":7,"category_id":1,"bbox":[378,415,154,225],"area":34650,"segmentation":[],"iscrowd":0},{"id":27,"image_id":7,"category_id":1,"bbox":[498,262,141.5,274.5],"area":38841.75,"segmentation":[],"iscrowd":0},{"id":28,"image_id":7,"category_id":1,"bbox":[244,0,264,417],"area":110088,"segmentation":[],"iscrowd":0},{"id":29,"image_id":7,"category_id":1,"bbox":[47,440,184.5,188.5],"area":34778.25,"segmentation":[],"iscrowd":0},{"id":30,"image_id":7,"category_id":1,"bbox":[61,0,180.5,64],"area":11552,"segmentation":[],"iscrowd":0},{"id":31,"image_id":7,"category_id":1,"bbox":[139,315,195.5,324.5],"area":63439.75,"segmentation":[],"iscrowd":0},{"id":32,"image_id":8,"category_id":1,"bbox":[241,0,222.5,342],"area":76095,"segmentation":[],"iscrowd":0},{"id":33,"image_id":8,"category_id":1,"bbox":[85,236,203,357],"area":72471,"segmentation":[],"iscrowd":0},{"id":34,"image_id":8,"category_id":1,"bbox":[0,76,127,328.5],"area":41719.5,"segmentation":[],"iscrowd":0},{"id":35,"image_id":8,"category_id":1,"bbox":[457,67,183,358.5],"area":65605.5,"segmentation":[],"iscrowd":0},{"id":36,"image_id":8,"category_id":1,"bbox":[52,0,219,182],"area":39858,"segmentation":[],"iscrowd":0},{"id":37,"image_id":8,"category_id":1,"bbox":[424,497,200,143],"area":28600,"segmentation":[],"iscrowd":0},{"id":38,"image_id":8,"category_id":1,"bbox":[281,274,254,341.5],"area":86741,"segmentation":[],"iscrowd":0},{"id":39,"image_id":9,"category_id":1,"bbox":[0,0,640,640],"area":409600,"segmentation":[],"iscrowd":0},{"id":40,"image_id":10,"category_id":1,"bbox":[61,59,518.5,521],"area":270138.5,"segmentation":[],"iscrowd":0},{"id":41,"image_id":11,"category_id":1,"bbox":[46,145,546.5,480.5],"area":262593.25,"segmentation":[],"iscrowd":0},{"id":42,"image_id":12,"category_id":1,"bbox":[260,212,166.5,278],"area":46287,"segmentation":[],"iscrowd":0},{"id":43,"image_id":12,"category_id":1,"bbox":[370,0,158.5,196],"area":31066,"segmentation":[],"iscrowd":0},{"id":44,"image_id":13,"category_id":1,"bbox":[5,94,628.5,464],"area":291624,"segmentation":[],"iscrowd":0},{"id":45,"image_id":14,"category_id":1,"bbox":[94,140,390,385],"area":150150,"segmentation":[],"iscrowd":0},{"id":46,"image_id":14,"category_id":1,"bbox":[235,303,398,247.5],"area":98505,"segmentation":[],"iscrowd":0},{"id":47,"image_id":15,"category_id":1,"bbox":[81,87,126.5,229],"area":28968.5,"segmentation":[],"iscrowd":0},{"id":48,"image_id":15,"category_id":1,"bbox":[55,352,149.5,244],"area":36478,"segmentation":[],"iscrowd":0},{"id":49,"image_id":15,"category_id":1,"bbox":[292,154,137.5,239.5],"area":32931.25,"segmentation":[],"iscrowd":0},{"id":50,"image_id":15,"category_id":1,"bbox":[466,0,151,237],"area":35787,"segmentation":[],"iscrowd":0},{"id":51,"image_id":15,"category_id":1,"bbox":[508,362,132,244],"area":32208,"segmentation":[],"iscrowd":0},{"id":52,"image_id":15,"category_id":1,"bbox":[250,490,145.5,150],"area":21825,"segmentation":[],"iscrowd":0},{"id":53,"image_id":15,"category_id":1,"bbox":[192,0,134,117],"area":15678,"segmentation":[],"iscrowd":0},{"id":54,"image_id":15,"category_id":1,"bbox":[324,0,136,174],"area":23664,"segmentation":[],"iscrowd":0},{"id":55,"image_id":16,"category_id":1,"bbox":[155,26,125,252.5],"area":31562.5,"segmentation":[],"iscrowd":0},{"id":56,"image_id":16,"category_id":1,"bbox":[346,23,126,245],"area":30870,"segmentation":[],"iscrowd":0},{"id":57,"image_id":16,"category_id":1,"bbox":[440,357,110,221.5],"area":24365,"segmentation":[],"iscrowd":0},{"id":58,"image_id":16,"category_id":1,"bbox":[266,364,99.5,223.5],"area":22238.25,"segmentation":[],"iscrowd":0},{"id":59,"image_id":16,"category_id":1,"bbox":[82,359,102.5,214],"area":21935,"segmentation":[],"iscrowd":0},{"id":60,"image_id":16,"category_id":1,"bbox":[567,25,72.5,227.5],"area":16493.75,"segmentation":[],"iscrowd":0},{"id":61,"image_id":16,"category_id":1,"bbox":[0,25,86,245],"area":21070,"segmentation":[],"iscrowd":0},{"id":62,"image_id":17,"category_id":1,"bbox":[21,69,598.5,551],"area":329773.5,"segmentation":[],"iscrowd":0},{"id":63,"image_id":18,"category_id":1,"bbox":[191,5,390.5,534],"area":208527,"segmentation":[],"iscrowd":0},{"id":64,"image_id":19,"category_id":1,"bbox":[279,36,152.5,85.5],"area":13038.75,"segmentation":[],"iscrowd":0},{"id":65,"image_id":19,"category_id":1,"bbox":[233,151,252,128.5],"area":32382,"segmentation":[],"iscrowd":0},{"id":66,"image_id":19,"category_id":1,"bbox":[190,286,344.5,301],"area":103694.5,"segmentation":[],"iscrowd":0},{"id":67,"image_id":20,"category_id":1,"bbox":[0,0,640,640],"area":409600,"segmentation":[],"iscrowd":0},{"id":68,"image_id":21,"category_id":1,"bbox":[38,16,557.5,624],"area":347880,"segmentation":[],"iscrowd":0},{"id":69,"image_id":22,"category_id":1,"bbox":[29,14,582,568],"area":330576,"segmentation":[],"iscrowd":0},{"id":70,"image_id":23,"category_id":1,"bbox":[85,49,209.5,146.5],"area":30691.75,"segmentation":[],"iscrowd":0},{"id":71,"image_id":23,"category_id":1,"bbox":[354,53,215.5,185],"area":39867.5,"segmentation":[],"iscrowd":0},{"id":72,"image_id":23,"category_id":1,"bbox":[142,189,226.5,212],"area":48018,"segmentation":[],"iscrowd":0},{"id":73,"image_id":23,"category_id":1,"bbox":[296,363,324.5,277],"area":89886.5,"segmentation":[],"iscrowd":0},{"id":74,"image_id":23,"category_id":1,"bbox":[36,358,225,276],"area":62100,"segmentation":[],"iscrowd":0},{"id":75,"image_id":24,"category_id":1,"bbox":[71,143,459,447.5],"area":205402.5,"segmentation":[],"iscrowd":0},{"id":76,"image_id":24,"category_id":1,"bbox":[443,51,197,336],"area":66192,"segmentation":[],"iscrowd":0},{"id":77,"image_id":24,"category_id":1,"bbox":[186,64,345.5,348],"area":120234,"segmentation":[],"iscrowd":0},{"id":78,"image_id":25,"category_id":1,"bbox":[159,96,199.5,192],"area":38304,"segmentation":[],"iscrowd":0},{"id":79,"image_id":25,"category_id":1,"bbox":[351,223,208.5,163],"area":33985.5,"segmentation":[],"iscrowd":0},{"id":80,"image_id":25,"category_id":1,"bbox":[389,19,210.5,242.5],"area":51046.25,"segmentation":[],"iscrowd":0},{"id":81,"image_id":25,"category_id":1,"bbox":[229,0,179,137],"area":24523,"segmentation":[],"iscrowd":0},{"id":82,"image_id":25,"category_id":1,"bbox":[0,268,106,149],"area":15794,"segmentation":[],"iscrowd":0},{"id":83,"image_id":25,"category_id":1,"bbox":[8,27,129.5,157],"area":20331.5,"segmentation":[],"iscrowd":0},{"id":84,"image_id":25,"category_id":1,"bbox":[194,373,119.5,163],"area":19478.5,"segmentation":[],"iscrowd":0},{"id":85,"image_id":25,"category_id":1,"bbox":[322,371,126.5,157.5],"area":19923.75,"segmentation":[],"iscrowd":0},{"id":86,"image_id":26,"category_id":1,"bbox":[59,81,523.5,474.5],"area":248400.75,"segmentation":[],"iscrowd":0},{"id":87,"image_id":27,"category_id":1,"bbox":[99,55,541,507.5],"area":274557.5,"segmentation":[],"iscrowd":0},{"id":88,"image_id":27,"category_id":1,"bbox":[0,290,500.5,290],"area":145145,"segmentation":[],"iscrowd":0},{"id":89,"image_id":28,"category_id":1,"bbox":[159,392,313.5,247.5],"area":77591.25,"segmentation":[],"iscrowd":0},{"id":90,"image_id":28,"category_id":1,"bbox":[33,118,284.5,485],"area":137982.5,"segmentation":[],"iscrowd":0},{"id":91,"image_id":28,"category_id":1,"bbox":[319,178,297.5,442],"area":131495,"segmentation":[],"iscrowd":0},{"id":92,"image_id":28,"category_id":1,"bbox":[273,64,212.5,174],"area":36975,"segmentation":[],"iscrowd":0},{"id":93,"image_id":29,"category_id":1,"bbox":[82,79,474.5,498],"area":236301,"segmentation":[],"iscrowd":0},{"id":94,"image_id":30,"category_id":1,"bbox":[105,0,494,398.5],"area":196859,"segmentation":[],"iscrowd":0},{"id":95,"image_id":30,"category_id":1,"bbox":[19,232,488.5,407.5],"area":199063.75,"segmentation":[],"iscrowd":0},{"id":96,"image_id":31,"category_id":1,"bbox":[52,48,259.5,383.5],"area":99518.25,"segmentation":[],"iscrowd":0},{"id":97,"image_id":31,"category_id":1,"bbox":[38,30,101,140.5],"area":14190.5,"segmentation":[],"iscrowd":0},{"id":98,"image_id":31,"category_id":1,"bbox":[245,16,86,127.5],"area":10965,"segmentation":[],"iscrowd":0},{"id":99,"image_id":31,"category_id":1,"bbox":[355,24,86,102.5],"area":8815,"segmentation":[],"iscrowd":0},{"id":100,"image_id":31,"category_id":1,"bbox":[467,32,98,98],"area":9604,"segmentation":[],"iscrowd":0},{"id":101,"image_id":31,"category_id":1,"bbox":[311,297,317,316],"area":100172,"segmentation":[],"iscrowd":0},{"id":102,"image_id":31,"category_id":1,"bbox":[14,463,334,134],"area":44756,"segmentation":[],"iscrowd":0},{"id":103,"image_id":32,"category_id":1,"bbox":[188,70,282,553],"area":155946,"segmentation":[],"iscrowd":0}]}