{"info":{"year":"2024","version":"1","description":"Exported from roboflow.com","contributor":"","url":"https://public.roboflow.com/object-detection/undefined","date_created":"2024-12-09T05:50:53+00:00"},"licenses":[{"id":1,"url":"https://creativecommons.org/licenses/by/4.0/","name":"CC BY 4.0"}],"categories":[{"id":0,"name":"plants3","supercategory":"none"},{"id":1,"name":"plants3","supercategory":"plants3"}],"images":[{"id":0,"license":1,"file_name":"banana1_jpg.rf.12c724ed50a0cff9ca7ff77e572badac.jpg","height":640,"width":640,"date_captured":"2024-12-09T05:50:53+00:00","extra":{"user_tags":["banana"]}},{"id":1,"license":1,"file_name":"banana142_jpg.rf.07926628a392fd60cef5425e1adbf7fe.jpg","height":640,"width":640,"date_captured":"2024-12-09T05:50:53+00:00","extra":{"user_tags":["banana"]}},{"id":2,"license":1,"file_name":"watermelon144_jpg.rf.22772aff0c7fb72c9ae6849fc0470a17.jpg","height":640,"width":640,"date_captured":"2024-12-09T05:50:53+00:00","extra":{"user_tags":["water_melon"]}},{"id":3,"license":1,"file_name":"banana13_jpg.rf.097f6ce80330e51814664c75da1ae05a.jpg","height":640,"width":640,"date_captured":"2024-12-09T05:50:53+00:00","extra":{"user_tags":["banana"]}},{"id":4,"license":1,"file_name":"banana0_jpg.rf.2280ec5cd67bf5839bcbbbd8549d7592.jpg","height":640,"width":640,"date_captured":"2024-12-09T05:50:53+00:00","extra":{"user_tags":["banana"]}},{"id":5,"license":1,"file_name":"banana123_jpg.rf.a743189ed0cd57067d23d51e84ce2bef.jpg","height":640,"width":640,"date_captured":"2024-12-09T05:50:53+00:00","extra":{"user_tags":["banana"]}},{"id":6,"license":1,"file_name":"banana119_jpg.rf.7e9151b6f06a7d36efaed1c41d59c5cb.jpg","height":640,"width":640,"date_captured":"2024-12-09T05:50:53+00:00","extra":{"user_tags":["banana"]}},{"id":7,"license":1,"file_name":"watermelon124_jpg.rf.e9c2a2ff751fbf65330cd363dfbfc7d5.jpg","height":640,"width":640,"date_captured":"2024-12-09T05:50:53+00:00","extra":{"user_tags":["water_melon"]}},{"id":8,"license":1,"file_name":"watermelon173_jpg.rf.b1161eac5beadf97faacc670164ee3be.jpg","height":640,"width":640,"date_captured":"2024-12-09T05:50:53+00:00","extra":{"user_tags":["water_melon"]}},{"id":9,"license":1,"file_name":"watermelon175_jpg.rf.67d22e23cda80002c3cd8732484a8b5d.jpg","height":640,"width":640,"date_captured":"2024-12-09T05:50:53+00:00","extra":{"user_tags":["water_melon"]}},{"id":10,"license":1,"file_name":"watermelon123_jpg.rf.c2438b6f4892ea7806dd413954e1e0da.jpg","height":640,"width":640,"date_captured":"2024-12-09T05:50:53+00:00","extra":{"user_tags":["water_melon"]}},{"id":11,"license":1,"file_name":"banana131_jpg.rf.b91f394764dd29c17093d5386f002792.jpg","height":640,"width":640,"date_captured":"2024-12-09T05:50:53+00:00","extra":{"user_tags":["banana"]}},{"id":12,"license":1,"file_name":"watermelon170_jpg.rf.14f601e4dbe79de58b4a90f03ab3b00c.jpg","height":640,"width":640,"date_captured":"2024-12-09T05:50:53+00:00","extra":{"user_tags":["water_melon"]}},{"id":13,"license":1,"file_name":"watermelon181_jpg.rf.569c34a9bc7b035d888228b926ec4812.jpg","height":640,"width":640,"date_captured":"2024-12-09T05:50:53+00:00","extra":{"user_tags":["water_melon"]}},{"id":14,"license":1,"file_name":"watermelon109_jpg.rf.40a6b78b9620f59a18da9c7a0b588934.jpg","height":640,"width":640,"date_captured":"2024-12-09T05:50:53+00:00","extra":{"user_tags":["water_melon"]}},{"id":15,"license":1,"file_name":"watermelon130_jpg.rf.dd8d1be3ba41de0f143189aac8358be5.jpg","height":640,"width":640,"date_captured":"2024-12-09T05:50:53+00:00","extra":{"user_tags":["water_melon"]}},{"id":16,"license":1,"file_name":"banana135_jpg.rf.5a4f642e547a1ff16fe82f5ff2b3ba30.jpg","height":640,"width":640,"date_captured":"2024-12-09T05:50:53+00:00","extra":{"user_tags":["banana"]}},{"id":17,"license":1,"file_name":"banana136_jpg.rf.2c2c38fdb8270a7cafca3c472570b597.jpg","height":640,"width":640,"date_captured":"2024-12-09T05:50:53+00:00","extra":{"user_tags":["banana"]}},{"id":18,"license":1,"file_name":"watermelon153_jpg.rf.c551e8c444baa27abc2a3fe27606a8aa.jpg","height":640,"width":640,"date_captured":"2024-12-09T05:50:53+00:00","extra":{"user_tags":["water_melon"]}},{"id":19,"license":1,"file_name":"banana148_jpg.rf.d22d3cee1cd4a09a47911a8617c20423.jpg","height":640,"width":640,"date_captured":"2024-12-09T05:50:53+00:00","extra":{"user_tags":["banana"]}},{"id":20,"license":1,"file_name":"watermelon185_jpg.rf.b177d8c3bd5c96eaeed6fb77c2a16d71.jpg","height":640,"width":640,"date_captured":"2024-12-09T05:50:53+00:00","extra":{"user_tags":["water_melon"]}},{"id":21,"license":1,"file_name":"banana11_jpg.rf.ee4e5131212f37036fc6388614facfc9.jpg","height":640,"width":640,"date_captured":"2024-12-09T05:50:53+00:00","extra":{"user_tags":["banana"]}}],"annotations":[{"id":0,"image_id":0,"category_id":1,"bbox":[16,24,606,591],"area":358146,"segmentation":[[43,460,69.667,430.333,83,430,96,533,100,542,109,548,127,545,142,522,157,517,165,545,191,598,208,615,214,613,223,597,242,541,251,541,272,574,296,582,314,603,328,612,339,614,350,607,352,572,410,571,430,590,449,594,458,588,462,576,461,510,532,495,554,509,568,509,576,503,567,447,616,341,620,339,622,242,616,189,591,129,549,69,527,49,488,29,456,24,428,28,411,39,388,63,351,69,315,53,285,56,264,44,241,43,218,57,183,98,178,108,178,137,173,145,134,157,92,163,70,178,51,200,29,256,16,327,16,405,26,454,33,460,43,460]],"iscrowd":0},{"id":1,"image_id":1,"category_id":1,"bbox":[6,100,622.933,452.267],"area":281731.982,"segmentation":[[190.578,534.756,275.911,551.822,347.022,548.978,406.756,526.222,457.956,472.178,477.867,429.511,580.267,395.378,628.622,338.489,617.244,307.2,622.933,247.467,534.756,247.467,412.444,278.756,324.267,278.756,256,258.844,145.067,190.578,105.244,99.556,51.2,108.089,51.2,193.422,8.533,287.289,5.689,324.267,22.756,384,108.089,489.244,190.578,534.756]],"iscrowd":0},{"id":2,"image_id":2,"category_id":1,"bbox":[0,45,562.857,440],"area":247657.143,"segmentation":[[0,384.72,188.571,427.577,342.857,484.72,317.143,461.863,325.714,439.006,542.857,376.149,560,341.863,562.857,276.149,540,184.72,448.571,79.006,374.286,44.72,262.857,47.577,180,79.006,65.714,150.435,0,119.006,0,384.72]],"iscrowd":0},{"id":3,"image_id":2,"category_id":1,"bbox":[0,394,345.714,237.143],"area":81983.673,"segmentation":[[277.143,611.429,331.429,554.286,345.714,502.857,328.571,488.571,194.286,434.286,51.429,402.857,0,394.286,2.857,631.429,225.714,631.429,277.143,611.429]],"iscrowd":0},{"id":4,"image_id":2,"category_id":1,"bbox":[340,360,297.143,254.286],"area":75559.184,"segmentation":[[517.143,608.571,637.143,614.286,637.143,360,340,440,342.857,468.571,377.143,517.143,462.857,588.571,517.143,608.571]],"iscrowd":0},{"id":5,"image_id":3,"category_id":1,"bbox":[102,4,492.8,388.571],"area":191488,"segmentation":[[424.533,377.143,486.4,392.381,516.267,365.714,526.933,339.048,546.133,339.048,554.667,354.286,595.2,190.476,590.933,106.667,561.067,60.952,360.533,15.238,174.933,3.81,134.4,99.048,102.4,121.905,224,274.286,424.533,377.143]],"iscrowd":0},{"id":6,"image_id":3,"category_id":1,"bbox":[36,244,473.6,392.381],"area":185831.619,"segmentation":[[157.867,624.762,179.2,601.905,241.067,636.19,494.933,636.19,509.867,567.619,509.867,487.619,492.8,438.095,369.067,361.905,347.733,331.429,328.533,331.429,317.867,308.571,311.467,308.571,311.467,331.429,290.133,346.667,262.4,339.048,258.133,320,226.133,323.81,189.867,251.429,106.667,243.81,104.533,281.905,36.267,384.762,36.267,419.048,53.333,438.095,51.2,449.524,157.867,624.762]],"iscrowd":0},{"id":7,"image_id":4,"category_id":1,"bbox":[31,85,567.04,443.669],"area":251578.168,"segmentation":[[50.56,207.88,66.56,233.865,76.16,242.526,60.8,267.549,59.52,283.91,65.28,305.083,72.32,315.669,77.44,318.556,81.92,328.18,99.2,344.541,130.56,349.353,110.08,370.526,97.92,395.549,94.08,418.647,100.48,437.895,113.28,448.481,131.2,446.556,144,440.782,145.92,436.932,176,442.707,176,488.902,181.12,497.564,196.48,508.15,203.52,508.15,220.16,497.564,241.28,473.504,240.64,464.842,248.32,462.917,260.48,454.256,265.6,456.18,261.76,476.391,264.96,481.203,263.04,495.639,264.96,512.962,268.16,520.662,276.48,528.361,293.12,528.361,295.68,524.511,302.72,523.549,316.8,503.338,316.16,500.451,321.28,492.752,319.36,487.94,320.64,485.053,327.68,488.902,337.28,488.902,355.84,476.391,364.16,493.714,365.44,503.338,371.2,512,380.16,517.774,398.72,517.774,408.32,508.15,410.88,501.414,410.24,495.639,413.44,495.639,413.44,486.977,416.64,478.316,415.36,475.429,420.48,461.955,435.84,465.805,438.4,472.541,455.68,493.714,465.92,498.526,484.48,497.564,492.16,492.752,498.56,481.203,503.04,459.068,503.04,435.97,500.48,435.008,501.12,430.195,506.24,434.045,512.64,446.556,525.44,453.293,537.6,452.331,548.48,447.519,554.24,435.97,553.6,406.135,548.48,380.15,514.56,316.632,516.48,314.707,555.52,337.805,574.72,338.767,586.88,332.03,598.4,308.932,598.4,291.609,584.32,258.887,563.84,234.827,533.76,207.88,536.32,204.992,577.28,214.617,581.76,214.617,589.44,208.842,592.64,199.218,592,188.632,584.96,161.684,576,140.511,563.84,124.15,544.64,108.752,492.16,86.617,465.92,84.692,445.44,89.504,430.08,99.128,406.4,124.15,394.88,138.586,391.04,149.173,388.48,147.248,389.12,137.624,383.36,138.586,369.92,150.135,351.36,158.797,342.4,156.872,333.44,160.722,322.56,160.722,306.56,156.872,293.12,147.248,280.96,153.023,263.68,153.985,248.32,164.571,237.44,164.571,226.56,159.759,206.08,139.549,180.48,128.962,155.52,125.113,111.36,124.15,74.88,127.038,63.36,130.887,46.08,143.398,31.36,162.647,31.36,179.008,35.84,195.368,40.96,203.068,50.56,207.88]],"iscrowd":0},{"id":8,"image_id":4,"category_id":1,"bbox":[31,85,567.68,444.632],"area":252408.455,"segmentation":[[105.6,443.669,114.56,447.519,136.32,443.669,144,435.97,162.56,440.782,173.44,437.895,177.28,442.707,173.44,469.654,174.72,486.015,181.12,498.526,194.56,508.15,214.4,503.338,243.84,470.617,261.12,473.504,261.12,501.414,265.6,518.737,275.84,528.361,291.84,529.323,303.36,523.549,311.68,513.925,323.2,486.015,335.36,488.902,355.84,476.391,363.52,500.451,371.2,512.962,380.8,518.737,394.24,519.699,403.84,514.887,410.88,504.301,416.64,490.827,418.56,474.466,423.04,462.917,435.2,465.805,441.6,478.316,458.88,495.639,470.4,499.489,486.4,497.564,497.92,484.09,502.4,465.805,503.04,449.123,510.08,444.632,525.44,453.293,533.76,453.293,546.56,448.481,553.6,438.857,551.68,392.662,548.48,380.15,525.44,335.88,526.72,322.406,555.52,337.805,576,338.767,589.44,329.143,598.4,307.97,595.84,282.947,586.24,261.774,550.4,222.316,558.08,210.767,581.12,215.579,590.08,207.88,592.64,198.256,591.36,186.707,578.56,146.286,563.2,124.15,544.64,108.752,492.16,86.617,465.28,84.692,446.08,89.504,431.36,98.165,403.84,128.962,389.76,138.586,382.08,139.549,368.64,151.098,353.28,157.835,331.52,161.684,307.2,157.835,295.04,148.211,288.64,148.211,280.32,153.023,262.4,154.947,248.32,164.571,236.8,164.571,229.12,161.684,206.08,139.549,193.92,133.774,160,125.113,131.2,124.15,96,124.15,67.2,128.962,49.28,139.549,33.28,158.797,30.72,162.647,32,183.82,98.56,433.083,105.6,443.669]],"iscrowd":0},{"id":9,"image_id":5,"category_id":1,"bbox":[60,86,518.4,466.4],"area":241781.76,"segmentation":[[123.2,452,160.8,484,185.6,493.6,231.2,504.8,284.8,536,325.6,547.2,366.4,552,504.8,500.8,513.6,495.2,517.6,482.4,510.4,468,498.4,456,502.4,444.8,558.4,473.6,572.8,470.4,576.8,463.2,578.4,455.2,575.2,442.4,553.6,400,535.2,371.2,502.4,330.4,414.4,225.6,360,170.4,338.4,140.8,309.6,119.2,285.6,112.8,278.4,104.8,274.4,91.2,267.2,85.6,248,85.6,230.4,93.6,196.8,97.6,185.6,108,178.4,120.8,158.4,138.4,140,148.8,115.2,156,104,164,90.4,179.2,79.2,198.4,67.2,227.2,60,262.4,61.6,315.2,73.6,364,93.6,408.8,123.2,452]],"iscrowd":0},{"id":10,"image_id":6,"category_id":1,"bbox":[42,24,545.409,611.824],"area":333694.142,"segmentation":[[116.73,635.975,334.088,635.975,362.264,559.497,392.453,559.497,462.893,635.975,517.233,635.975,587.673,583.648,579.623,454.843,559.497,370.314,495.094,265.66,398.491,197.233,370.314,64.403,336.101,24.151,289.811,28.176,241.509,96.604,187.17,132.83,165.031,185.157,106.667,225.409,70.44,382.39,48.302,414.591,42.264,511.195,54.34,571.572,68.428,603.774,116.73,635.975]],"iscrowd":0},{"id":11,"image_id":7,"category_id":1,"bbox":[367,486,182.044,147.911],"area":26926.396,"segmentation":[[412.444,594.489,398.222,614.4,366.933,617.244,372.622,634.311,412.444,631.467,489.244,594.489,529.067,554.667,548.978,509.156,503.467,486.4,443.733,494.933,420.978,486.4,420.978,506.311,452.267,537.6,426.667,594.489,412.444,594.489]],"iscrowd":0},{"id":12,"image_id":7,"category_id":1,"bbox":[0,296,250.311,338.489],"area":84727.53,"segmentation":[[153.6,628.622,247.467,634.311,250.311,625.778,182.044,605.867,105.244,557.511,51.2,483.556,31.289,438.044,25.6,381.156,34.133,332.8,56.889,304.356,36.978,295.822,2.844,349.867,0,469.333,48.356,554.667,79.644,585.956,153.6,628.622]],"iscrowd":0},{"id":13,"image_id":7,"category_id":1,"bbox":[100,17,480.711,455.111],"area":218776.968,"segmentation":[[546.133,423.822,580.267,329.956,580.267,247.467,563.2,176.356,520.533,108.089,449.422,59.733,443.733,17.067,406.756,34.133,372.622,25.6,270.222,42.667,201.956,71.111,136.533,136.533,99.556,230.4,102.4,315.733,142.222,298.667,503.467,472.178,546.133,423.822]],"iscrowd":0},{"id":14,"image_id":8,"category_id":1,"bbox":[5,0,626.266,634.074],"area":397099.094,"segmentation":[[236.223,622.222,379.056,634.074,483.433,601.481,582.318,509.63,620.773,420.741,631.76,352.593,620.773,192.593,541.116,74.074,433.991,14.815,354.335,0,263.691,8.889,126.352,65.185,54.936,133.333,8.24,260.741,5.494,370.37,46.695,482.963,118.112,560,236.223,622.222]],"iscrowd":0},{"id":15,"image_id":8,"category_id":1,"bbox":[107,465,480.687,168.889],"area":81182.642,"segmentation":[[238.97,616.296,249.957,607.407,285.665,634.074,395.536,631.111,417.511,619.259,451.388,557.037,502.661,557.037,516.395,568.889,519.142,557.037,538.369,557.037,576.824,515.556,587.811,485.926,557.597,465.185,431.245,485.926,387.296,545.185,307.639,548.148,238.97,565.926,178.541,568.889,112.618,548.148,107.124,557.037,140.086,577.778,153.82,574.815,238.97,616.296]],"iscrowd":0},{"id":16,"image_id":8,"category_id":1,"bbox":[107,465,480.687,168.889],"area":81182.642,"segmentation":[[238.97,616.296,249.957,607.407,285.665,634.074,395.536,631.111,417.511,619.259,451.388,557.037,502.661,557.037,516.395,568.889,519.142,557.037,538.369,557.037,576.824,515.556,587.811,485.926,557.597,465.185,431.245,485.926,387.296,545.185,307.639,548.148,238.97,565.926,178.541,568.889,112.618,548.148,107.124,557.037,140.086,577.778,153.82,574.815,238.97,616.296]],"iscrowd":0},{"id":17,"image_id":8,"category_id":1,"bbox":[140,590,112.618,44.444],"area":5005.246,"segmentation":[[142.833,589.63,140.086,601.481,173.047,631.111,252.704,634.074,142.833,589.63]],"iscrowd":0},{"id":18,"image_id":8,"category_id":1,"bbox":[140,590,112.618,44.444],"area":5005.246,"segmentation":[[142.833,589.63,140.086,601.481,173.047,631.111,252.704,634.074,142.833,589.63]],"iscrowd":0},{"id":19,"image_id":8,"category_id":1,"bbox":[179,504,85.15,53.333],"area":4541.345,"segmentation":[[222.489,503.704,178.541,524.444,195.021,557.037,263.691,557.037,241.717,554.074,222.489,503.704]],"iscrowd":0},{"id":20,"image_id":8,"category_id":1,"bbox":[179,504,85.15,53.333],"area":4541.345,"segmentation":[[222.489,503.704,178.541,524.444,195.021,557.037,263.691,557.037,241.717,554.074,222.489,503.704]],"iscrowd":0},{"id":21,"image_id":8,"category_id":1,"bbox":[19,424,43.948,97.778],"area":4297.186,"segmentation":[[46.695,500.741,63.176,456.296,32.961,423.704,21.974,426.667,19.227,497.778,38.455,521.481,54.936,521.481,46.695,500.741]],"iscrowd":0},{"id":22,"image_id":8,"category_id":1,"bbox":[19,424,43.948,97.778],"area":4297.186,"segmentation":[[46.695,500.741,63.176,456.296,32.961,423.704,21.974,426.667,19.227,497.778,38.455,521.481,54.936,521.481,46.695,500.741]],"iscrowd":0},{"id":23,"image_id":8,"category_id":1,"bbox":[505,21,129.099,195.556],"area":25245.97,"segmentation":[[634.506,160,598.798,82.963,541.116,32.593,510.901,20.741,505.408,35.556,587.811,109.63,631.76,216.296,634.506,160]],"iscrowd":0},{"id":24,"image_id":8,"category_id":1,"bbox":[505,21,129.099,195.556],"area":25245.97,"segmentation":[[634.506,160,598.798,82.963,541.116,32.593,510.901,20.741,505.408,35.556,587.811,109.63,631.76,216.296,634.506,160]],"iscrowd":0},{"id":25,"image_id":8,"category_id":1,"bbox":[233,3,225.236,62.222],"area":14014.688,"segmentation":[[307.639,29.63,442.232,65.185,458.712,53.333,431.245,17.778,381.803,5.926,321.373,2.963,291.159,26.667,258.197,14.815,241.717,20.741,233.476,32.593,241.717,47.407,252.704,35.556,307.639,29.63]],"iscrowd":0},{"id":26,"image_id":8,"category_id":1,"bbox":[233,3,225.236,62.222],"area":14014.688,"segmentation":[[307.639,29.63,442.232,65.185,458.712,53.333,431.245,17.778,381.803,5.926,321.373,2.963,291.159,26.667,258.197,14.815,241.717,20.741,233.476,32.593,241.717,47.407,252.704,35.556,307.639,29.63]],"iscrowd":0},{"id":27,"image_id":8,"category_id":1,"bbox":[423,187,214.249,447.407],"area":95856.557,"segmentation":[[582.318,426.667,582.318,521.481,519.142,595.556,423.004,634.074,626.266,631.111,618.026,562.963,634.506,562.963,637.253,441.481,626.266,367.407,634.506,269.63,612.532,186.667,604.292,251.852,615.279,257.778,626.266,352.593,582.318,426.667]],"iscrowd":0},{"id":28,"image_id":8,"category_id":1,"bbox":[423,187,214.249,447.407],"area":95856.557,"segmentation":[[582.318,426.667,582.318,521.481,519.142,595.556,423.004,634.074,626.266,631.111,618.026,562.963,634.506,562.963,637.253,441.481,626.266,367.407,634.506,269.63,612.532,186.667,604.292,251.852,615.279,257.778,626.266,352.593,582.318,426.667]],"iscrowd":0},{"id":29,"image_id":9,"category_id":1,"bbox":[94,83,451.429,485.714],"area":219265.307,"segmentation":[[214.286,540,314.286,568.571,380,560,451.429,522.857,520,440,545.714,342.857,540,245.714,502.857,168.571,440,111.429,360,85.714,342.857,100,294.286,82.857,225.714,94.286,185.714,117.143,151.429,157.143,111.429,228.571,94.286,294.286,105.714,408.571,162.857,500,214.286,540]],"iscrowd":0},{"id":30,"image_id":10,"category_id":1,"bbox":[0,60,637.156,517.689],"area":329848.352,"segmentation":[[0,452.267,48.356,517.689,142.222,568.889,267.378,577.422,469.333,548.978,571.733,489.244,617.244,429.511,637.156,381.156,637.156,258.844,608.711,187.733,560.356,125.156,480.711,76.8,369.778,59.733,281.6,71.111,207.644,105.244,173.511,133.689,130.844,184.889,102.4,264.533,62.578,295.822,0,301.511,0,452.267]],"iscrowd":0},{"id":31,"image_id":11,"category_id":1,"bbox":[43,54,272.829,372.537],"area":101638.865,"segmentation":[[183.586,426.667,211.633,378.905,226.932,324.776,221.833,251.542,260.08,222.886,293.227,312.04,316.175,337.512,303.426,270.647,283.028,226.07,244.781,216.517,201.434,54.129,181.036,57.313,175.936,162.388,140.239,216.517,94.343,226.07,48.446,315.224,56.096,327.96,43.347,359.801,45.896,385.274,183.586,426.667]],"iscrowd":0},{"id":32,"image_id":11,"category_id":1,"bbox":[41,32,89.243,136.915],"area":12218.747,"segmentation":[[130.04,140.1,130.04,57.313,117.291,35.025,68.845,31.841,43.347,60.498,40.797,98.706,61.195,156.02,96.892,168.756,130.04,140.1]],"iscrowd":0},{"id":33,"image_id":11,"category_id":1,"bbox":[245,19,86.693,120.995],"area":10489.449,"segmentation":[[323.825,120.995,331.474,73.234,313.625,25.473,262.629,19.104,244.781,44.577,244.781,85.97,262.629,127.363,293.227,140.1,323.825,120.995]],"iscrowd":0},{"id":34,"image_id":11,"category_id":1,"bbox":[354,25,89.243,101.891],"area":9093.021,"segmentation":[[443.665,82.786,438.566,41.393,418.167,25.473,385.02,25.473,354.422,57.313,356.972,98.706,385.02,127.363,420.717,120.995,443.665,82.786]],"iscrowd":0},{"id":35,"image_id":11,"category_id":1,"bbox":[316,96,293.227,181.493],"area":53218.529,"segmentation":[[504.861,277.015,545.657,264.279,589.004,229.254,609.402,105.075,594.104,95.522,576.255,152.836,512.51,200.597,458.964,203.781,364.622,162.388,321.275,156.02,316.175,175.124,367.171,232.438,430.916,264.279,504.861,277.015]],"iscrowd":0},{"id":36,"image_id":11,"category_id":1,"bbox":[469,35,91.793,95.522],"area":8768.27,"segmentation":[[558.406,44.577,535.458,35.025,469.163,41.393,471.713,124.179,530.359,130.547,560.956,111.443,558.406,44.577]],"iscrowd":0},{"id":37,"image_id":11,"category_id":1,"bbox":[311,306,311.076,296.119],"area":92115.55,"segmentation":[[372.271,483.98,369.721,534.925,395.219,566.766,433.466,589.055,471.713,601.791,543.108,595.423,581.355,569.95,619.602,512.637,622.151,474.428,604.303,423.483,609.402,359.801,589.004,334.328,543.108,378.905,451.315,312.04,395.219,305.672,356.972,327.96,349.323,366.169,316.175,366.169,323.825,388.458,311.076,417.114,328.924,448.955,372.271,483.98]],"iscrowd":0},{"id":38,"image_id":11,"category_id":1,"bbox":[23,465,318.725,130.547],"area":41608.69,"segmentation":[[270.279,589.055,305.976,569.95,341.673,519.005,326.375,483.98,254.98,464.876,89.243,471.244,22.948,487.164,22.948,534.925,63.745,576.318,160.637,595.423,270.279,589.055]],"iscrowd":0},{"id":39,"image_id":12,"category_id":1,"bbox":[179,73,290.56,550.195],"area":159864.77,"segmentation":[[219.52,555.879,240,585.435,267.52,608.171,305.28,622.948,337.28,621.812,366.08,610.444,389.12,593.393,414.08,562.7,435.2,520.639,449.92,477.442,464,416.057,469.76,337.62,467.84,276.234,459.52,227.353,442.88,172.789,417.92,122.771,403.84,104.583,377.6,82.984,348.16,72.753,305.92,78.437,266.88,109.13,227.84,161.421,216.96,197.798,204.16,221.67,198.4,243.268,181.12,358.082,179.2,404.689,188.16,474.032,202.24,518.366,219.52,555.879]],"iscrowd":0},{"id":40,"image_id":13,"category_id":1,"bbox":[51,154,513.422,307.733],"area":157997.132,"segmentation":[[57.422,204.267,62.222,239.2,64.711,263.733,68.267,275.467,68.8,279.2,67.733,281.333,69.867,293.067,79.822,324.533,81.778,329.067,84.622,330.933,84.267,333.6,89.956,348,91.733,349.867,100.444,365.333,104.889,371.2,105.244,373.333,109.333,380,111.822,381.333,113.956,384.8,118.933,386.4,119.822,388.533,125.156,391.2,138.133,403.733,140.267,404.8,143.822,409.6,145.956,416,147.733,418.667,152.711,420.8,155.022,424,160.178,425.867,163.556,429.067,168.178,430.667,173.156,430.133,177.6,433.6,184.533,434.933,198.044,442.933,206.578,449.867,213.689,450.667,218.311,452.533,221.156,450.933,222.933,453.6,229.156,455.2,230.933,457.867,276.978,462.133,294.044,461.6,301.156,459.733,313.956,460,318.933,459.2,327.644,455.467,336.178,457.867,350.756,453.6,354.489,451.2,364.267,450.4,383.822,444.533,395.378,437.333,398.578,436.533,400,434.667,403.556,433.067,404.444,430.933,413.511,425.6,420.622,422.133,432.178,419.733,439.111,415.733,446.756,408.8,450.489,401.067,460.8,392.533,463.644,390.933,476.089,388.533,480.178,384.533,481.422,381.6,493.689,371.467,508.622,353.067,514.844,343.733,516.089,339.733,519.289,336,529.778,316.8,539.2,296.533,542.4,285.867,544.711,283.733,550.756,269.067,550.578,265.867,554.133,253.867,558.044,233.6,564.622,184.533,563.733,161.6,562.489,156,561.067,154.4,553.956,155.733,482.133,160.267,382.756,163.467,361.244,168.267,349.867,168.267,337.6,165.333,237.156,166.4,145.778,164.533,144,163.733,78.756,161.6,53.333,161.333,52.267,162.133,51.2,163.2,51.2,167.733,52.622,178.667,57.422,204.267]],"iscrowd":0},{"id":41,"image_id":14,"category_id":1,"bbox":[34,70,579.657,568.346],"area":329445.851,"segmentation":[[92.343,553.69,120.686,579.746,150.857,594.402,186.514,596.031,218.514,574.86,224.914,578.117,233.143,597.659,235.886,594.402,257.829,612.316,263.314,618.83,263.314,626.972,275.2,630.229,346.514,630.229,365.714,620.458,373.029,631.858,372.114,638.372,397.714,638.372,417.829,615.573,433.371,609.059,473.6,612.316,523.886,599.288,558.629,568.346,591.543,517.863,607.086,475.522,613.486,423.41,608,364.784,600.686,350.127,587.886,284.987,577.829,265.445,537.6,210.076,510.171,190.534,497.371,190.534,474.514,141.679,443.429,94.453,416.914,74.911,399.543,70.025,358.4,74.911,325.486,96.081,296.229,140.051,283.429,179.135,268.8,179.135,247.771,149.822,203.886,123.766,160.914,120.509,121.6,135.165,83.2,172.621,62.171,214.962,39.314,291.501,33.829,341.985,33.829,382.697,44.8,452.723,69.486,517.863,92.343,553.69]],"iscrowd":0},{"id":42,"image_id":15,"category_id":1,"bbox":[26,75,590.367,537.476],"area":317308.12,"segmentation":[[224.653,612.039,305.633,602.718,496.327,537.476,616.49,453.592,608.653,425.631,415.347,152.233,360.49,152.233,289.959,74.563,31.347,428.738,26.122,472.233,94.041,568.544,169.796,605.825,224.653,612.039]],"iscrowd":0},{"id":43,"image_id":16,"category_id":1,"bbox":[228,42,144.291,419.672],"area":60554.873,"segmentation":[[323.491,461.639,328.145,423.169,293.236,318.251,288.582,241.311,309.527,153.88,337.455,90.929,365.382,69.945,372.364,48.962,360.727,41.967,281.6,76.94,242.036,146.885,230.4,199.344,228.073,293.77,244.364,381.202,300.218,388.197,323.491,461.639]],"iscrowd":0},{"id":44,"image_id":17,"category_id":1,"bbox":[328,0,155.927,636.503],"area":99248.135,"segmentation":[[342.109,0,344.436,31.475,360.727,45.464,330.473,115.41,328.145,181.858,339.782,241.311,332.8,311.257,342.109,381.202,335.127,552.568,367.709,636.503,381.673,636.503,423.564,622.514,425.891,591.038,465.455,563.06,474.764,542.077,484.073,80.437,453.818,20.984,458.473,0,342.109,0]],"iscrowd":0},{"id":45,"image_id":18,"category_id":1,"bbox":[64,139,467.733,444.444],"area":207881.481,"segmentation":[[136,494.222,162.667,519.822,205.333,550.4,241.067,568.889,288,582.4,329.067,583.822,366.4,579.556,406.4,563.911,430.4,550.4,466.133,524.089,531.733,460.8,444.8,317.156,372.8,204.8,365.333,196.267,350.4,169.244,328.533,139.378,321.067,142.222,287.467,169.956,64,376.178,64.533,383.289,72,399.644,104,453.689,136,494.222]],"iscrowd":0},{"id":46,"image_id":18,"category_id":1,"bbox":[188,55,451.733,329.956],"area":149051.923,"segmentation":[[198.4,248.889,210.133,234.667,228.267,224,258.133,196.978,270.4,183.467,269.867,181.333,278.4,177.778,278.933,169.956,288.533,164.978,293.333,159.289,298.133,160,300.8,155.022,325.333,137.244,334.4,142.222,338.667,147.911,363.2,186.311,365.867,194.133,382.933,218.311,385.067,225.422,420.8,275.911,430.933,295.822,437.333,303.644,440.533,303.644,487.467,356.267,484.8,360.533,486.4,365.511,499.2,373.333,501.333,378.311,529.6,381.156,540.8,385.422,573.333,385.422,639.467,359.822,639.467,163.556,577.067,80.356,559.467,59.733,550.933,55.467,539.733,59.733,498.133,105.244,471.467,130.133,458.667,149.333,437.867,172.8,427.733,164.267,411.2,140.8,404.267,137.244,401.067,130.844,381.333,113.778,381.867,107.378,378.667,104.533,379.2,100.978,368,88.178,368.533,86.044,363.2,85.333,356.267,78.222,345.067,81.067,272,146.489,271.467,152.178,252.8,179.2,188.267,248.178,187.733,253.156,193.6,253.867,194.667,249.6,198.4,248.889]],"iscrowd":0},{"id":47,"image_id":18,"category_id":1,"bbox":[0,37,169.6,354.844],"area":60181.618,"segmentation":[[0,391.822,13.867,391.822,34.133,389.689,59.733,379.733,70.933,365.511,155.733,290.133,169.6,273.067,156.8,249.6,18.667,44.089,11.733,36.978,4.8,38.4,0,42.667,0,391.822]],"iscrowd":0},{"id":48,"image_id":19,"category_id":1,"bbox":[530,6,101.867,162.844],"area":16588.421,"segmentation":[[533.333,81.067,534.933,88.178,563.2,145.778,577.067,145.067,579.733,140.089,584.267,139.378,600,147.2,604.8,155.022,605.333,164.267,608,167.111,608.533,161.422,617.067,153.6,618.133,156.444,623.467,157.156,625.067,163.556,632,168.533,629.867,140.8,632,137.956,628.8,125.867,577.6,40.533,576,30.578,569.067,15.644,564.267,10.667,532.267,5.689,530.133,17.778,532.8,22.044,535.467,44.089,533.333,81.067]],"iscrowd":0},{"id":49,"image_id":19,"category_id":1,"bbox":[11,120,513.067,516.267],"area":264879.217,"segmentation":[[21.333,449.422,10.667,482.844,14.4,483.556,20.267,490.667,18.667,497.778,20.267,502.044,19.733,522.667,10.667,533.333,13.867,536.889,12.8,541.156,26.133,573.867,44.8,598.756,66.667,613.689,68.267,625.067,65.6,628.622,70.4,629.333,73.067,636.444,74.133,631.467,79.467,627.911,79.467,600.889,90.133,596.622,92.8,590.222,97.6,588.089,109.867,540.444,124.267,531.2,136,531.911,139.2,538.311,139.733,525.511,147.2,519.822,189.333,519.822,201.067,628.622,218.133,633.6,224.533,630.044,228.8,633.6,243.2,629.333,246.933,620.089,273.067,621.511,278.933,608.711,281.6,585.244,312.533,571.022,329.6,575.289,332.267,578.844,342.933,579.556,354.133,588.089,388.8,592.356,403.733,590.933,409.067,587.378,413.333,590.933,417.067,600.889,436.8,610.844,448.533,609.422,468.8,601.6,477.867,592.356,482.133,583.822,485.867,583.111,493.867,568.889,514.667,528.356,518.933,516.267,518.933,509.867,523.733,502.044,521.067,497.778,506.133,427.378,498.667,411.022,496,411.022,493.333,402.489,481.067,399.644,468.8,390.4,464.533,390.4,460.8,384,456.533,384,453.867,374.044,457.6,361.244,448.533,359.822,440.533,362.667,438.4,358.4,438.933,332.8,444.8,305.067,448.533,298.667,449.067,279.467,455.467,273.067,458.667,274.489,459.2,267.378,464.533,260.267,466.667,260.978,464.533,256.711,466.133,255.289,459.2,247.467,459.2,242.489,429.333,166.4,429.867,160,432.533,157.156,430.933,151.467,432.533,148.622,428.267,140.089,419.2,131.556,417.6,125.156,419.2,120.178,399.467,120.889,382.933,160,379.733,162.844,350.933,165.689,329.333,184.889,323.733,186.311,320,201.956,320.533,235.378,318.933,238.222,309.867,237.511,310.4,255.289,312,256.711,310.4,264.533,305.067,270.222,289.067,270.222,286.933,260.267,283.733,258.844,282.667,260.978,282.133,268.089,293.867,278.756,305.067,298.667,301.333,307.911,300.8,329.244,296,336.356,296,354.133,292.8,358.4,294.4,361.956,286.4,365.511,282.667,374.044,256,399.644,214.933,423.822,196.8,427.378,179.733,445.156,172.8,444.444,169.6,440.889,144,438.044,134.4,420.267,122.667,426.667,101.333,418.133,97.067,420.978,92.8,416.711,87.467,420.267,79.467,411.022,80,391.111,72.533,389.689,68.8,385.422,65.067,386.133,61.333,382.578,58.667,374.044,52.8,381.156,53.333,383.289,29.333,393.244,23.467,398.933,21.867,406.044,21.867,428.8,30.933,429.511,29.333,444.444,21.333,449.422]],"iscrowd":0},{"id":50,"image_id":20,"category_id":1,"bbox":[190,8,392.533,541.44],"area":212533.248,"segmentation":[[203.093,97.28,191.147,107.52,190.293,119.04,213.333,314.88,198.827,386.56,212.48,390.4,219.307,404.48,221.013,439.04,237.227,436.48,238.933,430.08,267.947,428.8,290.133,463.36,341.333,513.28,382.293,538.88,409.6,549.12,423.253,533.76,430.08,517.12,433.493,517.12,434.347,508.16,443.733,496.64,461.653,451.84,508.587,454.4,512.853,403.2,523.093,380.16,531.627,368.64,578.56,332.8,582.827,312.32,581.973,288,548.693,268.8,538.453,257.28,533.333,244.48,546.133,217.6,547.84,203.52,515.413,170.24,448,125.44,428.373,115.2,410.453,113.92,253.44,17.92,228.693,7.68,220.16,14.08,240.64,97.28,225.28,107.52,211.627,96,203.093,97.28]],"iscrowd":0},{"id":51,"image_id":21,"category_id":1,"bbox":[86,46,515.853,537.143],"area":277086.67,"segmentation":[[192.642,582.857,235.452,579.048,252.575,521.905,359.599,575.238,406.689,571.429,428.094,556.19,438.796,499.048,535.117,495.238,601.472,445.714,577.926,304.762,582.207,274.286,565.084,270.476,552.241,224.762,522.274,179.048,428.094,114.286,370.301,110.476,306.087,137.143,282.542,129.524,252.575,99.048,237.592,45.714,186.221,72.381,132.709,133.333,107.023,190.476,87.759,293.333,85.619,380.952,104.883,464.762,171.237,567.619,192.642,582.857]],"iscrowd":0}]}